,Accuracy,Precision,Recall,F1-Score,ROC-AUC
C4.5 (DT),0.9949199999999999,0.993556818685911,0.9928014605776949,0.9931735925869611,0.9951057434361618
Random Forest,0.98512,0.9886062929643744,0.9714078618033767,0.9794319714762756,0.9994209178422183
Naive Bayes,0.75068,0.8152190566012643,0.64890263941894,0.6770274067241583,0.9078261877357893
KNN,0.72724,0.7466969842843698,0.6530158512606791,0.6702275004542451,0.8859380461559623
SVM,0.83172,0.8333468525900433,0.8030319496038743,0.816088931920711,0.9499043238454629
